"","p1","p2","p3","seyfried_data_seyfried_model","seyfried_data_mann_model","mann_data_seyfried_model","mann_data_mann_model","averageAUROC","Gene.x","Gene.y","Gene"
"1","P00558","P04075","P04406",0.888205128205128,0.882417582417582,0.783742544042169,0.79317519766958,0.833080063229876,"PGK1","ALDOA","GAPDH"
"2","P00558","P04075","P06733",0.891623711340206,0.879896907216495,0.77,0.772857142857143,0.824948453608247,"PGK1","ALDOA","ENO1"
"3","P00558","P04075","P07195",0.884835164835165,0.881318681318681,0.791788042724372,0.793730059647663,0.836553362021527,"PGK1","ALDOA","LDHB"
"4","P00558","P04075","P10451",0.878250591016548,0.856792144026187,0.800388403384658,0.803995006242197,0.828590273705422,"PGK1","ALDOA","SPP1"
"5","P00558","P04075","P10599",0.917237237237237,0.89957957957958,0.7933139131641,0.795394645581912,0.84644674637184,"PGK1","ALDOA","TXN"
"6","P00558","P04075","P14618",0.884981684981685,0.883882783882784,0.800110972395617,0.801914273824386,0.8419968781392,"PGK1","ALDOA","PKM"
"7","P00558","P04075","P17677",0.884172499435538,0.875743207646572,0.765848245248994,0.793730059647663,0.820795726447783,"PGK1","ALDOA","GAP43"
"8","P00558","P04075","P18065",0.878241758241758,0.878974358974359,0.791570771001151,0.795023014959724,0.835272564987755,"PGK1","ALDOA","IGFBP2"
"9","P00558","P04075","P30086",0.881684981684982,0.874358974358974,0.762102926896934,0.798446386461368,0.818230950627954,"PGK1","ALDOA","PEBP1"
"10","P00558","P04075","P40925",0.886739926739927,0.868791208791209,0.779338725698879,0.78884631758195,0.824064967245044,"PGK1","ALDOA","MDH1"
"11","P00558","P04075","P63104",0.926080586080586,0.921465201465201,0.81953114162852,0.823692606464142,0.870498171546861,"PGK1","ALDOA","YWHAZ"
"12","P00558","P04075","P80723",0.879340659340659,0.877948717948718,0.790806754221388,0.792682926829268,0.834377736085053,"PGK1","ALDOA","BASP1"
"13","P00558","P04075","Q9H4F8",0.906666666666667,0.895824175824176,0.788382399493511,0.789490345045901,0.842103287658843,"PGK1","ALDOA","SMOC1"
"14","P00558","P04406","P06733",0.777448453608247,0.733505154639175,0.698367346938776,0.711428571428571,0.715936250788975,"PGK1","GAPDH","ENO1"
"15","P00558","P04406","P07195",0.828717948717949,0.81032967032967,0.739908447773616,0.740879456235261,0.775119059051643,"PGK1","GAPDH","LDHB"
"16","P00558","P04406","P10451",0.756046553918894,0.658028732496818,0.661256762380358,0.743653766125676,0.659642747438588,"PGK1","GAPDH","SPP1"
"17","P00558","P04406","P10599",0.794594594594595,0.756036036036036,0.681231793591344,0.711194340407824,0.71863391481369,"PGK1","GAPDH","TXN"
"18","P00558","P04406","P14618",0.863296703296703,0.833553113553114,0.754196143709252,0.762380357885976,0.793874628631183,"PGK1","GAPDH","PKM"
"19","P00558","P04406","P17677",0.814781365244224,0.664032512982615,0.561797752808989,0.700097100846164,0.612915132895802,"PGK1","GAPDH","GAP43"
"20","P00558","P04406","P18065",0.773626373626374,0.747985347985348,0.669447640966628,0.683256616800921,0.708716494475988,"PGK1","GAPDH","IGFBP2"
"21","P00558","P04406","P30086",0.833260073260073,0.771208791208791,0.663337494798169,0.682202802052989,0.71727314300348,"PGK1","GAPDH","PEBP1"
"22","P00558","P04406","P40925",0.814945054945055,0.794945054945055,0.71377891301263,0.716617000141904,0.754361983978842,"PGK1","GAPDH","MDH1"
"23","P00558","P04406","P63104",0.912967032967033,0.90989010989011,0.814676099320294,0.816756831738105,0.862283104605202,"PGK1","GAPDH","YWHAZ"
"24","P00558","P04406","P80723",0.833040293040293,0.824981684981685,0.725766103814884,0.736397748592871,0.775373894398285,"PGK1","GAPDH","BASP1"
"25","P00558","P04406","Q9H4F8",0.814578754578755,0.791208791208791,0.704495093383982,0.735517568850902,0.747851942296387,"PGK1","GAPDH","SMOC1"
"26","P00558","P06733","P07195",0.801675257731959,0.76520618556701,0.66530612244898,0.721020408163265,0.715256154007995,"PGK1","ENO1","LDHB"
"27","P00558","P06733","P10451",0.693409247757074,0.649068322981367,0.726122448979592,0.748775510204082,0.687595385980479,"PGK1","ENO1","SPP1"
"28","P00558","P06733","P10599",0.762065095398429,0.754882154882155,0.695510204081633,0.698163265306122,0.725196179481894,"PGK1","ENO1","TXN"
"29","P00558","P06733","P14618",0.855927835051546,0.787242268041237,0.763061224489796,0.776530612244898,0.775151746265517,"PGK1","ENO1","PKM"
"30","P00558","P06733","P17677",0.78284430346286,0.641950832672482,0.514897959183674,0.720408163265306,0.578424395928078,"PGK1","ENO1","GAP43"
"31","P00558","P06733","P18065",0.700128865979381,0.69201030927835,0.684310018903592,0.71686620457887,0.688160164090971,"PGK1","ENO1","IGFBP2"
"32","P00558","P06733","P30086",0.821778350515464,0.736082474226804,0.643877551020408,0.707959183673469,0.689980012623606,"PGK1","ENO1","PEBP1"
"33","P00558","P06733","P40925",0.7875,0.737628865979381,0.689855072463768,0.71304347826087,0.713741969221575,"PGK1","ENO1","MDH1"
"34","P00558","P06733","P63104",0.923840206185567,0.89819587628866,0.774489795918367,0.794489795918367,0.836342836103514,"PGK1","ENO1","YWHAZ"
"35","P00558","P06733","P80723",0.798582474226804,0.771005154639175,0.662916188289323,0.726750861079219,0.716960671464249,"PGK1","ENO1","BASP1"
"36","P00558","P06733","Q9H4F8",0.765592783505155,0.765592783505155,0.725494505494506,0.74043956043956,0.74554364449983,"PGK1","ENO1","SMOC1"
"37","P00558","P07195","P10451",0.797417712311329,0.72713220585561,0.704674712165349,0.741018171729782,0.715903459010479,"PGK1","LDHB","SPP1"
"38","P00558","P07195","P10599",0.832552552552553,0.801201201201201,0.697738937439312,0.718962408100985,0.749470069320257,"PGK1","LDHB","TXN"
"39","P00558","P07195","P14618",0.850622710622711,0.835824175824176,0.781245665140796,0.777222915799695,0.808534920482486,"PGK1","LDHB","PKM"
"40","P00558","P07195","P17677",0.817566041995936,0.741852938962896,0.57885975863504,0.723262588431128,0.660356348798968,"PGK1","LDHB","GAP43"
"41","P00558","P07195","P18065",0.818021978021978,0.76014652014652,0.646288837744534,0.712600690448792,0.703217678945527,"PGK1","LDHB","IGFBP2"
"42","P00558","P07195","P30086",0.825421245421245,0.800952380952381,0.703703703703704,0.725204605354418,0.752328042328042,"PGK1","LDHB","PEBP1"
"43","P00558","P07195","P40925",0.813992673992674,0.778021978021978,0.702568468851994,0.721583652618135,0.740295223436986,"PGK1","LDHB","MDH1"
"44","P00558","P07195","P63104",0.917216117216117,0.893479853479853,0.764599805798308,0.790817034262727,0.829039829639081,"PGK1","LDHB","YWHAZ"
"45","P00558","P07195","P80723",0.8196336996337,0.788058608058608,0.672138836772983,0.729362101313321,0.730098722415796,"PGK1","LDHB","BASP1"
"46","P00558","P07195","Q9H4F8",0.836556776556777,0.792161172161172,0.670781893004115,0.725862614751504,0.731471532582644,"PGK1","LDHB","SMOC1"
"47","P00558","P10451","P10599",0.76001182207773,0.706369144377124,0.703287557220141,0.738243861839367,0.704828350798633,"PGK1","SPP1","TXN"
"48","P00558","P10451","P14618",0.844244408074195,0.765411893071468,0.768067693161326,0.794839783603829,0.766739793116397,"PGK1","SPP1","PKM"
"49","P00558","P10451","P17677",0.779516491754123,0.596139430284858,0.483423498404772,0.73491468997087,0.539781464344815,"PGK1","SPP1","GAP43"
"50","P00558","P10451","P18065",0.690489179850882,0.625750136388434,0.701093210586881,0.731012658227848,0.663421673487658,"PGK1","SPP1","IGFBP2"
"51","P00558","P10451","P30086",0.807328605200946,0.668121476632115,0.647523928422805,0.734082397003745,0.65782270252746,"PGK1","SPP1","PEBP1"
"52","P00558","P10451","P40925",0.772322240407347,0.666666666666667,0.715481765290194,0.73804455796793,0.69107421597843,"PGK1","SPP1","MDH1"
"53","P00558","P10451","P63104",0.893798872522277,0.860429168939807,0.787904008877792,0.799001248439451,0.824166588908799,"PGK1","SPP1","YWHAZ"
"54","P00558","P10451","P80723",0.801418439716312,0.728041462084015,0.689962476547842,0.739837398373984,0.709001969315929,"PGK1","SPP1","BASP1"
"55","P00558","P10451","Q9H4F8",0.773777050372795,0.731678486997636,0.726495726495726,0.732193732193732,0.729087106746681,"PGK1","SPP1","SMOC1"
"56","P00558","P10599","P14618",0.872792792792793,0.853213213213213,0.763767512831183,0.764044943820225,0.808490363022198,"PGK1","TXN","PKM"
"57","P00558","P10599","P17677",0.816096096096096,0.706306306306306,0.508531002913025,0.710223331946178,0.607418654609666,"PGK1","TXN","GAP43"
"58","P00558","P10599","P18065",0.750630630630631,0.735615615615616,0.693325661680092,0.692318757192175,0.714470638647854,"PGK1","TXN","IGFBP2"
"59","P00558","P10599","P30086",0.810810810810811,0.751711711711712,0.649188514357054,0.699403523373561,0.700450113034383,"PGK1","TXN","PEBP1"
"60","P00558","P10599","P40925",0.845045045045045,0.766246246246246,0.704980842911877,0.70356179934724,0.735613544579062,"PGK1","TXN","MDH1"
"61","P00558","P10599","P63104",0.919279279279279,0.904264264264264,0.787487862394229,0.790817034262727,0.845876063329247,"PGK1","TXN","YWHAZ"
"62","P00558","P10599","P80723",0.83027027027027,0.801201201201201,0.672607879924953,0.710756722951845,0.736904540563077,"PGK1","TXN","BASP1"
"63","P00558","P10599","Q9H4F8",0.811771771771772,0.808288288288288,0.713358657803102,0.713516935739158,0.760823473045695,"PGK1","TXN","SMOC1"
"64","P00558","P14618","P17677",0.853014224429894,0.802664258297584,0.721043140518796,0.777916493272299,0.76185369940819,"PGK1","PKM","GAP43"
"65","P00558","P14618","P18065",0.853846153846154,0.841684981684982,0.768411967779056,0.764528193325662,0.805048474732019,"PGK1","PKM","IGFBP2"
"66","P00558","P14618","P30086",0.853846153846154,0.82051282051282,0.738521292828409,0.766403107227077,0.779517056670615,"PGK1","PKM","PEBP1"
"67","P00558","P14618","P40925",0.846300366300366,0.836410256410256,0.762026394210302,0.760323541932737,0.799218325310279,"PGK1","PKM","MDH1"
"68","P00558","P14618","P63104",0.915970695970696,0.911575091575092,0.823831321958663,0.823137744486059,0.867703206766877,"PGK1","PKM","YWHAZ"
"69","P00558","P14618","P80723",0.843882783882784,0.836263736263736,0.763914946841776,0.775171982489056,0.800089341552756,"PGK1","PKM","BASP1"
"70","P00558","P14618","Q9H4F8",0.881245421245421,0.860805860805861,0.775561886672998,0.778885723330168,0.818183873739429,"PGK1","PKM","SMOC1"
"71","P00558","P17677","P18065",0.77203281402875,0.602393316775796,0.564298043728424,0.687571921749137,0.58334568025211,"PGK1","GAP43","IGFBP2"
"72","P00558","P17677","P30086",0.827575825995334,0.685331527056521,0.572062699403523,0.690941878207796,0.628697113230022,"PGK1","GAP43","PEBP1"
"73","P00558","P17677","P40925",0.808685181003989,0.694362911116129,0.558961260110685,0.714062721725557,0.626662085613407,"PGK1","GAP43","MDH1"
"74","P00558","P17677","P63104",0.915104989839693,0.879581545871905,0.70106810930781,0.792620335691497,0.790324827589857,"PGK1","GAP43","YWHAZ"
"75","P00558","P17677","P80723",0.804470535109506,0.754045307443366,0.484521575984991,0.708724202626642,0.619283441714178,"PGK1","GAP43","BASP1"
"76","P00558","P17677","Q9H4F8",0.828629487468955,0.718296078874087,0.49556821779044,0.723171889838557,0.606932148332264,"PGK1","GAP43","SMOC1"
"77","P00558","P18065","P30086",0.818681318681319,0.773479853479853,0.656645569620253,0.689441887226697,0.715062711550053,"PGK1","IGFBP2","PEBP1"
"78","P00558","P18065","P40925",0.773040293040293,0.744029304029304,0.689873417721519,0.702678834265528,0.716951360875411,"PGK1","IGFBP2","MDH1"
"79","P00558","P18065","P63104",0.904908424908425,0.887179487179487,0.77632336018412,0.796317606444189,0.831751423681803,"PGK1","IGFBP2","YWHAZ"
"80","P00558","P18065","P80723",0.809084249084249,0.762783882783883,0.616309291747888,0.701267056530214,0.689546587265885,"PGK1","IGFBP2","BASP1"
"81","P00558","P18065","Q9H4F8",0.7596336996337,0.747399267399267,0.68190037810291,0.712806181160612,0.714649822751089,"PGK1","IGFBP2","SMOC1"
"82","P00558","P30086","P40925",0.824322344322344,0.798095238095238,0.675748545480346,0.706541790832979,0.736921891787792,"PGK1","PEBP1","MDH1"
"83","P00558","P30086","P63104",0.90981684981685,0.90974358974359,0.810792065473713,0.808850048550423,0.860267827608652,"PGK1","PEBP1","YWHAZ"
"84","P00558","P30086","P80723",0.826373626373626,0.811868131868132,0.66119449656035,0.713570981863665,0.736531314214241,"PGK1","PEBP1","BASP1"
"85","P00558","P30086","Q9H4F8",0.853919413919414,0.808937728937729,0.666983222538778,0.721905666350111,0.737960475738254,"PGK1","PEBP1","SMOC1"
"86","P00558","P40925","P63104",0.913333333333333,0.885201465201465,0.771817794806301,0.792110117780616,0.828509630003883,"PGK1","MDH1","YWHAZ"
"87","P00558","P40925","P80723",0.81003663003663,0.786520146520147,0.696897752453308,0.717473884140551,0.741708949486727,"PGK1","MDH1","BASP1"
"88","P00558","P40925","Q9H4F8",0.797509157509158,0.780512820512821,0.714125380792047,0.727753727753728,0.747319100652434,"PGK1","MDH1","SMOC1"
"89","P00558","P63104","P80723",0.917289377289377,0.893992673992674,0.770325203252032,0.792213883677298,0.832158938622353,"PGK1","YWHAZ","BASP1"
"90","P00558","P63104","Q9H4F8",0.923150183150183,0.865641025641026,0.766698322253878,0.779993668882558,0.816169673947452,"PGK1","YWHAZ","SMOC1"
"91","P00558","P80723","Q9H4F8",0.841098901098901,0.796556776556777,0.63497150997151,0.715633903133903,0.715764143264143,"PGK1","BASP1","SMOC1"
"92","P04075","P04406","P06733",0.890385334829779,0.885646589350293,0.782424812030075,0.791040100250627,0.834035700690184,"ALDOA","GAPDH","ENO1"
"93","P04075","P04406","P07195",0.888007432818754,0.883647798742138,0.809320266889074,0.815158465387823,0.846484032815606,"ALDOA","GAPDH","LDHB"
"94","P04075","P04406","P10451",0.87890314020345,0.839009287925697,0.797956630525438,0.82464553794829,0.818482959225567,"ALDOA","GAPDH","SPP1"
"95","P04075","P04406","P10599",0.914415463437354,0.901723334885887,0.800562969140951,0.809841534612177,0.851143152013419,"ALDOA","GAPDH","TXN"
"96","P04075","P04406","P14618",0.89065180102916,0.875285877644368,0.802856547122602,0.817035029190992,0.839071212383485,"ALDOA","GAPDH","PKM"
"97","P04075","P04406","P17677",0.896079881656805,0.882396449704142,0.762626262626263,0.806712962962963,0.822511356165202,"ALDOA","GAPDH","GAP43"
"98","P04075","P04406","P18065",0.888865065751858,0.878502001143511,0.794339622641509,0.803662597114317,0.83642081189251,"ALDOA","GAPDH","IGFBP2"
"99","P04075","P04406","P30086",0.887364208118925,0.870783304745569,0.768623737373737,0.812394781144781,0.819703521059653,"ALDOA","GAPDH","PEBP1"
"100","P04075","P04406","P40925",0.893367638650657,0.871069182389937,0.792374681393373,0.807242990654206,0.831721931891655,"ALDOA","GAPDH","MDH1"
"101","P04075","P04406","P63104",0.931675242995998,0.931174957118353,0.851635514018692,0.851104502973662,0.891405235568522,"ALDOA","GAPDH","YWHAZ"
"102","P04075","P04406","P80723",0.887435677530017,0.880789022298456,0.790276110444178,0.805642256902761,0.835532566371317,"ALDOA","GAPDH","BASP1"
"103","P04075","P04406","Q9H4F8",0.907804459691252,0.906232132647227,0.807052483598875,0.813144329896907,0.856642308123051,"ALDOA","GAPDH","SMOC1"
"104","P04075","P06733","P07195",0.893502930539968,0.890011223344557,0.789473684210526,0.793859649122807,0.839742453777542,"ALDOA","ENO1","LDHB"
"105","P04075","P06733","P10451",0.882558139534884,0.825747508305648,0.791979949874687,0.807487468671679,0.808863729090167,"ALDOA","ENO1","SPP1"
"106","P04075","P06733","P10599",0.900172117039587,0.875645438898451,0.787593984962406,0.794329573934837,0.831619711930428,"ALDOA","ENO1","TXN"
"107","P04075","P06733","P14618",0.894126449682005,0.876169098391321,0.803101503759398,0.807800751879699,0.83963530107536,"ALDOA","ENO1","PKM"
"108","P04075","P06733","P17677",0.894730043916301,0.88323430638078,0.757926442612555,0.789632213062777,0.820580374496668,"ALDOA","ENO1","GAP43"
"109","P04075","P06733","P18065",0.88377603192418,0.879660805586732,0.780158206987475,0.78345418589321,0.829909506287103,"ALDOA","ENO1","IGFBP2"
"110","P04075","P06733","P30086",0.891632373113855,0.877042025190173,0.753329105897273,0.78994927076728,0.815185565543723,"ALDOA","ENO1","PEBP1"
"111","P04075","P06733","P40925",0.898241676019454,0.876917321361766,0.777266962587191,0.786461636017755,0.827092141974478,"ALDOA","ENO1","MDH1"
"112","P04075","P06733","P63104",0.94089038533483,0.938396308766679,0.824191502853519,0.82863031071655,0.881293905810099,"ALDOA","ENO1","YWHAZ"
"113","P04075","P06733","P80723",0.884150143409403,0.880034917071954,0.782624369142033,0.781542898341745,0.831329643106994,"ALDOA","ENO1","BASP1"
"114","P04075","P06733","Q9H4F8",0.909589724404539,0.909465020576132,0.797570850202429,0.796896086369771,0.85351793538928,"ALDOA","ENO1","SMOC1"
"115","P04075","P07195","P10451",0.875984077841663,0.845997346306944,0.816305254378649,0.824332777314429,0.831151300342796,"ALDOA","LDHB","SPP1"
"116","P04075","P07195","P10599",0.913367489520261,0.877969259431765,0.810779816513762,0.818181818181818,0.844374537972763,"ALDOA","LDHB","TXN"
"117","P04075","P07195","P14618",0.88057461406518,0.880646083476272,0.823290241868224,0.823290241868224,0.851968162672248,"ALDOA","LDHB","PKM"
"118","P04075","P07195","P17677",0.890310650887574,0.884171597633136,0.799978956228956,0.811868686868687,0.842075276931046,"ALDOA","LDHB","GAP43"
"119","P04075","P07195","P18065",0.881503716409377,0.875,0.786126526082131,0.804217536071032,0.830563263041066,"ALDOA","LDHB","IGFBP2"
"120","P04075","P07195","P30086",0.878930817610063,0.874285305889079,0.800925925925926,0.811763468013468,0.837605615907503,"ALDOA","LDHB","PEBP1"
"121","P04075","P07195","P40925",0.881861063464837,0.868639222412807,0.798003398470688,0.812234494477485,0.833321310441748,"ALDOA","LDHB","MDH1"
"122","P04075","P07195","P63104",0.928816466552316,0.914093767867353,0.826677994902294,0.847068819031436,0.870385881384823,"ALDOA","LDHB","YWHAZ"
"123","P04075","P07195","P80723",0.875786163522013,0.874714122355632,0.804201680672269,0.803601440576231,0.83945790151395,"ALDOA","LDHB","BASP1"
"124","P04075","P07195","Q9H4F8",0.904373927958834,0.899656946826758,0.807755388940956,0.811152764761012,0.853706167883857,"ALDOA","LDHB","SMOC1"
"125","P04075","P10451","P10599",0.922044545973729,0.828383780696745,0.810884070058382,0.827981651376147,0.819633925377563,"ALDOA","SPP1","TXN"
"126","P04075","P10451","P14618",0.874568774878372,0.831932773109244,0.821934945788157,0.834028356964137,0.8269338594487,"ALDOA","SPP1","PKM"
"127","P04075","P10451","P17677",0.885120852862788,0.84468339307049,0.784090909090909,0.821127946127946,0.814387151080699,"ALDOA","SPP1","GAP43"
"128","P04075","P10451","P18065",0.86890756302521,0.840513047324193,0.80865704772475,0.816204217536071,0.824585047524472,"ALDOA","SPP1","IGFBP2"
"129","P04075","P10451","P30086",0.87156125608138,0.82936753648828,0.784090909090909,0.82354797979798,0.806729222789594,"ALDOA","SPP1","PEBP1"
"130","P04075","P10451","P40925",0.880141530296329,0.825740822644847,0.801720475785896,0.819031435853866,0.813730649215372,"ALDOA","SPP1","MDH1"
"131","P04075","P10451","P63104",0.916497125165856,0.906059265811588,0.84356414613424,0.848130841121495,0.874811705972914,"ALDOA","SPP1","YWHAZ"
"132","P04075","P10451","P80723",0.871295886775763,0.830075187969925,0.806482593037215,0.815366146458583,0.81827889050357,"ALDOA","SPP1","BASP1"
"133","P04075","P10451","Q9H4F8",0.903847854931446,0.878549314462627,0.816190253045923,0.813964386129335,0.847369783754275,"ALDOA","SPP1","SMOC1"
"134","P04075","P10599","P14618",0.915929203539823,0.894271075919888,0.81849457881568,0.822143452877398,0.856382827367784,"ALDOA","TXN","PKM"
"135","P04075","P10599","P17677",0.91952537593985,0.900845864661654,0.792403198653199,0.809974747474748,0.846624531657426,"ALDOA","TXN","GAP43"
"136","P04075","P10599","P18065",0.909408476944574,0.878667908709828,0.800887902330744,0.807214206437292,0.839777905520286,"ALDOA","TXN","IGFBP2"
"137","P04075","P10599","P30086",0.90929203539823,0.895784816022357,0.800294612794613,0.812184343434343,0.848039714408485,"ALDOA","TXN","PEBP1"
"138","P04075","P10599","P40925",0.925011644154634,0.897414997671169,0.789719626168224,0.807667799490229,0.843567311919697,"ALDOA","TXN","MDH1"
"139","P04075","P10599","P63104",0.942594317652538,0.872380065207266,0.844095157179269,0.859175870858114,0.858237611193268,"ALDOA","TXN","YWHAZ"
"140","P04075","P10599","P80723",0.913251047973917,0.88996273870517,0.801320528211285,0.806362545018007,0.845641633458227,"ALDOA","TXN","BASP1"
"141","P04075","P10599","Q9H4F8",0.932231020027946,0.869119701909641,0.807169634489222,0.820876288659794,0.838144668199432,"ALDOA","TXN","SMOC1"
"142","P04075","P14618","P17677",0.890976331360947,0.883579881656805,0.80239898989899,0.817655723905724,0.842989435777897,"ALDOA","PKM","GAP43"
"143","P04075","P14618","P18065",0.881360777587193,0.881360777587193,0.81953385127636,0.820865704772475,0.850447314431776,"ALDOA","PKM","IGFBP2"
"144","P04075","P14618","P30086",0.878430531732419,0.868353344768439,0.798295454545455,0.824810606060606,0.833324399656947,"ALDOA","PKM","PEBP1"
"145","P04075","P14618","P40925",0.884648370497427,0.870425957690109,0.810216652506372,0.815314358538658,0.84032130509824,"ALDOA","PKM","MDH1"
"146","P04075","P14618","P63104",0.925171526586621,0.9244568324757,0.851210705182668,0.853122344944775,0.887833768829184,"ALDOA","PKM","YWHAZ"
"147","P04075","P14618","P80723",0.877072612921669,0.87257004002287,0.805642256902761,0.815486194477791,0.839106148462816,"ALDOA","PKM","BASP1"
"148","P04075","P14618","Q9H4F8",0.907875929102344,0.90701829616924,0.824507966260544,0.823805060918463,0.865763131214892,"ALDOA","PKM","SMOC1"
"149","P04075","P17677","P18065",0.88491124260355,0.878254437869822,0.765266106442577,0.804033613445378,0.8217602721562,"ALDOA","GAP43","IGFBP2"
"150","P04075","P17677","P30086",0.888461538461539,0.87292899408284,0.760726423109601,0.809685641461342,0.816827708596221,"ALDOA","GAP43","PEBP1"
"151","P04075","P17677","P40925",0.893269230769231,0.874408284023669,0.780553173241852,0.804995711835334,0.827480728632761,"ALDOA","GAP43","MDH1"
"152","P04075","P17677","P63104",0.929733727810651,0.922337278106509,0.81582332761578,0.843803602058319,0.869080302861145,"ALDOA","GAP43","YWHAZ"
"153","P04075","P17677","P80723",0.885281065088757,0.880399408284024,0.781807155852032,0.799514857489387,0.831103282068028,"ALDOA","GAP43","BASP1"
"154","P04075","P17677","Q9H4F8",0.913609467455621,0.906213017751479,0.790364583333333,0.808357007575758,0.848288800542406,"ALDOA","GAP43","SMOC1"
"155","P04075","P18065","P30086",0.876643796455117,0.868639222412807,0.775238095238095,0.80078431372549,0.821938658825451,"ALDOA","IGFBP2","PEBP1"
"156","P04075","P18065","P40925",0.883576329331046,0.862421383647799,0.782692307692308,0.799547511312217,0.822556845670053,"ALDOA","IGFBP2","MDH1"
"157","P04075","P18065","P63104",0.92338479130932,0.91888221841052,0.829524886877828,0.839592760180995,0.874203552644174,"ALDOA","IGFBP2","YWHAZ"
"158","P04075","P18065","P80723",0.873356203544883,0.871569468267582,0.784338896020539,0.793068035943517,0.82795418214406,"ALDOA","IGFBP2","BASP1"
"159","P04075","P18065","Q9H4F8",0.902372784448256,0.8965837621498,0.795619524405507,0.800250312891114,0.846101643277653,"ALDOA","IGFBP2","SMOC1"
"160","P04075","P30086","P40925",0.88336192109777,0.859276729559748,0.782054030874786,0.806818181818182,0.820665380217267,"ALDOA","PEBP1","MDH1"
"161","P04075","P30086","P63104",0.923170383076043,0.923170383076043,0.843589193825043,0.845090051457976,0.883379788450543,"ALDOA","PEBP1","YWHAZ"
"162","P04075","P30086","P80723",0.873642081189251,0.867853058890795,0.760703456640388,0.801212856276531,0.814278257765591,"ALDOA","PEBP1","BASP1"
"163","P04075","P30086","Q9H4F8",0.908662092624357,0.900943396226415,0.789891098484849,0.809777462121212,0.845417247355632,"ALDOA","PEBP1","SMOC1"
"164","P04075","P40925","P63104",0.928101772441395,0.903945111492281,0.826515151515152,0.854329004329004,0.865230131503716,"ALDOA","MDH1","YWHAZ"
"165","P04075","P40925","P80723",0.880646083476272,0.868281875357347,0.794299575500303,0.799636143117041,0.831290725428825,"ALDOA","MDH1","BASP1"
"166","P04075","P40925","Q9H4F8",0.901515151515151,0.895297312750143,0.806581439393939,0.811197916666667,0.850939376072041,"ALDOA","MDH1","SMOC1"
"167","P04075","P63104","P80723",0.925743281875357,0.906375071469411,0.831692677070828,0.846338535414166,0.86903387427012,"ALDOA","YWHAZ","BASP1"
"168","P04075","P63104","Q9H4F8",0.943682104059463,0.897441395082905,0.830622009569378,0.836483253588517,0.864031702326141,"ALDOA","YWHAZ","SMOC1"
"169","P04075","P80723","Q9H4F8",0.903873642081189,0.893010291595197,0.800668449197861,0.804545454545455,0.846839370396529,"ALDOA","BASP1","SMOC1"
"170","P04406","P06733","P07195",0.823793490460157,0.825539344057863,0.746083959899749,0.74859022556391,0.785811651978806,"GAPDH","ENO1","LDHB"
"171","P04406","P06733","P10451",0.746677740863787,0.597508305647841,0.653195488721805,0.746553884711779,0.625351897184823,"GAPDH","ENO1","SPP1"
"172","P04406","P06733","P10599",0.755378657487091,0.709552495697074,0.6875,0.699718045112782,0.698526247848537,"GAPDH","ENO1","TXN"
"173","P04406","P06733","P14618",0.871430352911834,0.817807706696596,0.783364661654135,0.795426065162907,0.800586184175365,"GAPDH","ENO1","PKM"
"174","P04406","P06733","P17677",0.827305605786618,0.679411004908292,0.577837666455295,0.690076093849081,0.628624335681794,"GAPDH","ENO1","GAP43"
"175","P04406","P06733","P18065",0.763561541339319,0.761566280084799,0.680290046143705,0.679630850362558,0.720928163114252,"GAPDH","ENO1","IGFBP2"
"176","P04406","P06733","P30086",0.826786382341938,0.800224466891133,0.665187064045656,0.678186429930247,0.732705765468395,"GAPDH","ENO1","PEBP1"
"177","P04406","P06733","P40925",0.808953734879661,0.790996383588976,0.728757133798351,0.729391249207356,0.759876758693664,"GAPDH","ENO1","MDH1"
"178","P04406","P06733","P63104",0.924180072328221,0.918443696221474,0.826410906785035,0.840678503487635,0.872427301503254,"GAPDH","ENO1","YWHAZ"
"179","P04406","P06733","P80723",0.83426861204639,0.830402793365756,0.734859408795962,0.739545782263879,0.782631101080859,"GAPDH","ENO1","BASP1"
"180","P04406","P06733","Q9H4F8",0.807706696595585,0.793989275470757,0.727732793522267,0.756072874493927,0.760861034496512,"GAPDH","ENO1","SMOC1"
"181","P04406","P07195","P10451",0.813356921716055,0.733480760725343,0.750625521267723,0.765533778148457,0.742053140996533,"GAPDH","LDHB","SPP1"
"182","P04406","P07195","P10599",0.83791336748952,0.814625058220773,0.752814845704754,0.75396163469558,0.783719951962764,"GAPDH","LDHB","TXN"
"183","P04406","P07195","P14618",0.861134934248142,0.853487707261292,0.792848206839033,0.810884070058382,0.823167957050162,"GAPDH","LDHB","PKM"
"184","P04406","P07195","P17677",0.844008875739645,0.799186390532544,0.64520202020202,0.74726430976431,0.722194205367282,"GAPDH","LDHB","GAP43"
"185","P04406","P07195","P18065",0.842767295597484,0.811821040594626,0.716759156492786,0.744506104328524,0.764290098543706,"GAPDH","LDHB","IGFBP2"
"186","P04406","P07195","P30086",0.839622641509434,0.833261863922241,0.730534511784512,0.757996632996633,0.781898187853377,"GAPDH","LDHB","PEBP1"
"187","P04406","P07195","P40925",0.834762721555174,0.834548313321898,0.759558198810535,0.760195412064571,0.797053256066217,"GAPDH","LDHB","MDH1"
"188","P04406","P07195","P63104",0.924957118353345,0.912307032590052,0.823704333050127,0.838360237892948,0.868005682820089,"GAPDH","LDHB","YWHAZ"
"189","P04406","P07195","P80723",0.846483704974271,0.847412807318468,0.756662665066026,0.758943577430972,0.802037736192247,"GAPDH","LDHB","BASP1"
"190","P04406","P07195","Q9H4F8",0.85098627787307,0.837550028587764,0.749062792877226,0.756677600749766,0.793306410732495,"GAPDH","LDHB","SMOC1"
"191","P04406","P10451","P10599",0.760850942318675,0.662050256996002,0.646684737281068,0.748748957464554,0.654367497138535,"GAPDH","SPP1","TXN"
"192","P04406","P10451","P14618",0.854666076957099,0.729765590446705,0.769391159299416,0.814845704753962,0.749578374873061,"GAPDH","SPP1","PKM"
"193","P04406","P10451","P17677",0.806359709585516,0.534325889164599,0.503367003367003,0.733796296296296,0.518846446265801,"GAPDH","SPP1","GAP43"
"194","P04406","P10451","P18065",0.738788146837682,0.568774878372402,0.623973362930078,0.723973362930078,0.59637412065124,"GAPDH","SPP1","IGFBP2"
"195","P04406","P10451","P30086",0.81468376824414,0.600088456435206,0.652251683501683,0.729377104377104,0.626170069968445,"GAPDH","SPP1","PEBP1"
"196","P04406","P10451","P40925",0.797877045555064,0.65687748783724,0.724511469838573,0.761469838572642,0.690694478837906,"GAPDH","SPP1","MDH1"
"197","P04406","P10451","P63104",0.906236178681999,0.885095090667846,0.832094307561597,0.84250212404418,0.858594699114722,"GAPDH","SPP1","YWHAZ"
"198","P04406","P10451","P80723",0.82671384343211,0.761167624944715,0.733613445378151,0.762064825930372,0.747390535161433,"GAPDH","SPP1","BASP1"
"199","P04406","P10451","Q9H4F8",0.80203449800973,0.750818222025652,0.710051546391753,0.753163074039363,0.730434884208703,"GAPDH","SPP1","SMOC1"
"200","P04406","P10599","P14618",0.878202142524453,0.849790405216581,0.77418682235196,0.785967472894078,0.811988613784271,"GAPDH","TXN","PKM"
"201","P04406","P10599","P17677",0.822250939849624,0.680686090225564,0.538510101010101,0.723800505050505,0.609598095617832,"GAPDH","TXN","GAP43"
"202","P04406","P10599","P18065",0.761178388448999,0.714601769911504,0.672142064372919,0.705216426193119,0.693371917142212,"GAPDH","TXN","IGFBP2"
"203","P04406","P10599","P30086",0.817303213786679,0.724965067536097,0.663089225589226,0.714225589225589,0.694027146562661,"GAPDH","TXN","PEBP1"
"204","P04406","P10599","P40925",0.850954820680019,0.811597578015836,0.739804587935429,0.737892948173322,0.775701082975633,"GAPDH","TXN","MDH1"
"205","P04406","P10599","P63104",0.926874708896134,0.905565905915231,0.834855564995752,0.842608326253186,0.870210735455491,"GAPDH","TXN","YWHAZ"
"206","P04406","P10599","P80723",0.845831392640894,0.839659990684676,0.744417767106843,0.753181272509004,0.79203887889576,"GAPDH","TXN","BASP1"
"207","P04406","P10599","Q9H4F8",0.839543549138333,0.824522589659991,0.721766635426429,0.749531396438613,0.77314461254321,"GAPDH","TXN","SMOC1"
"208","P04406","P14618","P17677",0.872633136094675,0.81664201183432,0.739057239057239,0.796401515151515,0.777849625445779,"GAPDH","PKM","GAP43"
"209","P04406","P14618","P18065",0.872641509433962,0.859777015437393,0.7834628190899,0.792341842397336,0.821619917263646,"GAPDH","PKM","IGFBP2"
"210","P04406","P14618","P30086",0.862278444825615,0.830617495711835,0.752104377104377,0.788299663299663,0.791360936408106,"GAPDH","PKM","PEBP1"
"211","P04406","P14618","P40925",0.862564322469983,0.841552315608919,0.772833474936279,0.789082412914189,0.807192895272599,"GAPDH","PKM","MDH1"
"212","P04406","P14618","P63104",0.923170383076043,0.922098341909663,0.853440951571793,0.854502973661852,0.887769646740728,"GAPDH","PKM","YWHAZ"
"213","P04406","P14618","P80723",0.861277873070326,0.841480846197827,0.771548619447779,0.801440576230492,0.806514732822803,"GAPDH","PKM","BASP1"
"214","P04406","P14618","Q9H4F8",0.889008004574042,0.866852487135506,0.792642924086223,0.810332708528585,0.829747705610865,"GAPDH","PKM","SMOC1"
"215","P04406","P17677","P18065",0.814718934911243,0.625887573964497,0.505434173669468,0.678767507002801,0.565660873816982,"GAPDH","GAP43","IGFBP2"
"216","P04406","P17677","P30086",0.845931952662722,0.691494082840237,0.594307561597281,0.679694137638063,0.642900822218759,"GAPDH","GAP43","PEBP1"
"217","P04406","P17677","P40925",0.838609467455621,0.748372781065089,0.617495711835334,0.742066895368782,0.682934246450212,"GAPDH","GAP43","MDH1"
"218","P04406","P17677","P63104",0.926627218934911,0.904363905325444,0.758683533447684,0.836192109777015,0.831523719386564,"GAPDH","GAP43","YWHAZ"
"219","P04406","P17677","P80723",0.838387573964497,0.820931952662722,0.66173438447544,0.746634323832626,0.741333168569081,"GAPDH","GAP43","BASP1"
"220","P04406","P17677","Q9H4F8",0.85939349112426,0.73801775147929,0.575757575757576,0.744791666666667,0.656887663618433,"GAPDH","GAP43","SMOC1"
"221","P04406","P18065","P30086",0.833833619210978,0.822041166380789,0.667114845938375,0.668459383753501,0.744578006159582,"GAPDH","IGFBP2","PEBP1"
"222","P04406","P18065","P40925",0.809248141795312,0.806174957118353,0.725565610859728,0.727828054298643,0.765870283989041,"GAPDH","IGFBP2","MDH1"
"223","P04406","P18065","P63104",0.914951400800457,0.90423098913665,0.820475113122172,0.835067873303167,0.862353051129411,"GAPDH","IGFBP2","YWHAZ"
"224","P04406","P18065","P80723",0.847412807318468,0.813178959405375,0.700898587933248,0.736200256739409,0.757038773669311,"GAPDH","IGFBP2","BASP1"
"225","P04406","P18065","Q9H4F8",0.809105202973127,0.767724413950829,0.688986232790989,0.73729662077597,0.728355323370909,"GAPDH","IGFBP2","SMOC1"
"226","P04406","P30086","P40925",0.841480846197827,0.818467695826186,0.694039451114923,0.737028301886792,0.756253573470555,"GAPDH","PEBP1","MDH1"
"227","P04406","P30086","P63104",0.919453973699257,0.917810177244139,0.841230703259005,0.842195540308748,0.879520440251572,"GAPDH","PEBP1","YWHAZ"
"228","P04406","P30086","P80723",0.844911377930246,0.830688965122927,0.691328077622802,0.756215888417223,0.761008521372865,"GAPDH","PEBP1","BASP1"
"229","P04406","P30086","Q9H4F8",0.864636935391652,0.805317324185249,0.693063446969697,0.753669507575758,0.749190385577473,"GAPDH","PEBP1","SMOC1"
"230","P04406","P40925","P63104",0.922026872498571,0.901586620926244,0.822077922077922,0.841558441558442,0.861832271502083,"GAPDH","MDH1","YWHAZ"
"231","P04406","P40925","P80723",0.83947970268725,0.83669239565466,0.748696179502729,0.755488174651304,0.792694287578694,"GAPDH","MDH1","BASP1"
"232","P04406","P40925","Q9H4F8",0.829331046312178,0.819253859348199,0.74609375,0.76266571969697,0.7826738046741,"GAPDH","MDH1","SMOC1"
"233","P04406","P63104","P80723",0.929102344196684,0.914165237278445,0.830972388955582,0.841416566626651,0.872568813117014,"GAPDH","YWHAZ","BASP1"
"234","P04406","P63104","Q9H4F8",0.933533447684391,0.885077186963979,0.824760765550239,0.830023923444976,0.854918976257109,"GAPDH","YWHAZ","SMOC1"
"235","P04406","P80723","Q9H4F8",0.870425957690109,0.864636935391652,0.742647058823529,0.748529411764706,0.803641997107591,"GAPDH","BASP1","SMOC1"
"236","P06733","P07195","P10451",0.781727574750831,0.616611295681063,0.677788220551378,0.739191729323308,0.647199758116221,"ENO1","LDHB","SPP1"
"237","P06733","P07195","P10599",0.803786574870912,0.760542168674699,0.677788220551378,0.705200501253133,0.719165194613039,"ENO1","LDHB","TXN"
"238","P06733","P07195","P14618",0.856091782017708,0.838009726898616,0.796835839598998,0.801065162907268,0.817422783248807,"ENO1","LDHB","PKM"
"239","P06733","P07195","P17677",0.823172306897442,0.715577370188582,0.580215599239062,0.699746353836398,0.647896484713822,"ENO1","LDHB","GAP43"
"240","P06733","P07195","P18065",0.813318368873924,0.749095897244045,0.624588002636783,0.696440342781806,0.686841949940414,"ENO1","LDHB","IGFBP2"
"241","P06733","P07195","P30086",0.823793490460157,0.818306522010226,0.686746987951807,0.701807228915663,0.752526754981016,"ENO1","LDHB","PEBP1"
"242","P06733","P07195","P40925",0.82316997131812,0.767427360019953,0.698319594166138,0.727488902980342,0.732873477093045,"ENO1","LDHB","MDH1"
"243","P06733","P07195","P63104",0.932036413517895,0.882653697468512,0.770133164235891,0.809448319594166,0.826393430852202,"ENO1","LDHB","YWHAZ"
"244","P06733","P07195","P80723",0.826536974685123,0.782391819428856,0.663482335976929,0.696106705118962,0.722937077702893,"ENO1","LDHB","BASP1"
"245","P06733","P07195","Q9H4F8",0.830527497194164,0.77565781269485,0.685222672064777,0.7332995951417,0.730440242379814,"ENO1","LDHB","SMOC1"
"246","P06733","P10451","P10599",0.696632420091324,0.595890410958904,0.591791979949875,0.736528822055138,0.593841195454389,"ENO1","SPP1","TXN"
"247","P06733","P10451","P14618",0.848338870431894,0.695182724252492,0.785714285714286,0.818922305764411,0.740448504983389,"ENO1","SPP1","PKM"
"248","P06733","P10451","P17677",0.779757785467128,0.531833910034602,0.586715282181357,0.733037412809131,0.55927459610798,"ENO1","SPP1","GAP43"
"249","P06733","P10451","P18065",0.621926910299003,0.533222591362126,0.551911667765326,0.725444957152274,0.542567129563726,"ENO1","SPP1","IGFBP2"
"250","P06733","P10451","P30086",0.799667774086379,0.58156146179402,0.627298668357641,0.729232720355105,0.604430065075831,"ENO1","SPP1","PEBP1"
"251","P06733","P10451","P40925",0.762292358803987,0.622591362126246,0.710367786937223,0.754914394419784,0.666479574531734,"ENO1","SPP1","MDH1"
"252","P06733","P10451","P63104",0.908139534883721,0.823089700996678,0.775998731769182,0.820703868103995,0.79954421638293,"ENO1","SPP1","YWHAZ"
"253","P06733","P10451","P80723",0.788039867109635,0.60265780730897,0.636445565969719,0.729632299927902,0.619551686639344,"ENO1","SPP1","BASP1"
"254","P06733","P10451","Q9H4F8",0.744019933554817,0.677408637873754,0.737854251012146,0.746794871794872,0.70763144444295,"ENO1","SPP1","SMOC1"
"255","P06733","P10599","P14618",0.865533562822719,0.780981067125645,0.784304511278196,0.798872180451128,0.782642789201921,"ENO1","TXN","PKM"
"256","P06733","P10599","P17677",0.814024390243902,0.640897212543554,0.559289790741915,0.679613189600507,0.600093501642734,"ENO1","TXN","GAP43"
"257","P06733","P10599","P18065",0.674913941480207,0.674268502581756,0.650296638101516,0.66529334212261,0.662282570341636,"ENO1","TXN","IGFBP2"
"258","P06733","P10599","P30086",0.787005163511188,0.712779690189329,0.636810399492708,0.669150285351934,0.674795044841018,"ENO1","TXN","PEBP1"
"259","P06733","P10599","P40925",0.835413080895009,0.750860585197935,0.704819277108434,0.718135700697527,0.727839931153184,"ENO1","TXN","MDH1"
"260","P06733","P10599","P63104",0.928141135972461,0.853915662650602,0.786144578313253,0.811350665821179,0.820030120481928,"ENO1","TXN","YWHAZ"
"261","P06733","P10599","P80723",0.807444061962134,0.763123924268503,0.660598413842826,0.689257390050469,0.711861169055664,"ENO1","TXN","BASP1"
"262","P06733","P10599","Q9H4F8",0.814759036144578,0.790447504302926,0.724696356275304,0.734817813765182,0.757571930289115,"ENO1","TXN","SMOC1"
"263","P06733","P14618","P17677",0.86657194523379,0.802764143632136,0.752536461636018,0.800570703868104,0.777650302634077,"ENO1","PKM","GAP43"
"264","P06733","P14618","P18065",0.868811572515276,0.842623768549694,0.789222148978247,0.798450889914305,0.81592295876397,"ENO1","PKM","IGFBP2"
"265","P06733","P14618","P30086",0.856715301159746,0.811073699962589,0.76141407736208,0.799302473050095,0.786243888662334,"ENO1","PKM","PEBP1"
"266","P06733","P14618","P40925",0.864446938521013,0.809078438708068,0.78994927076728,0.799143944197844,0.799513854737674,"ENO1","PKM","MDH1"
"267","P06733","P14618","P63104",0.934779897742861,0.93078937523382,0.839568801521877,0.839251743817375,0.885179088377848,"ENO1","PKM","YWHAZ"
"268","P06733","P14618","P80723",0.851353036538222,0.821673525377229,0.779379956741168,0.793078586878154,0.800526741059199,"ENO1","PKM","BASP1"
"269","P06733","P14618","Q9H4F8",0.889886519516149,0.870682129941389,0.806005398110661,0.813427800269906,0.838343764026025,"ENO1","PKM","SMOC1"
"270","P06733","P17677","P18065",0.782485145957117,0.531516404029966,0.580413747080414,0.64647981314648,0.55596507555519,"ENO1","GAP43","IGFBP2"
"271","P06733","P17677","P30086",0.832988891759235,0.688323430638078,0.579428754813864,0.648587933247754,0.633876092725971,"ENO1","GAP43","PEBP1"
"272","P06733","P17677","P40925",0.822009816584862,0.668302764143632,0.584563543003851,0.716944801026958,0.626433153573742,"ENO1","GAP43","MDH1"
"273","P06733","P17677","P63104",0.932963058641178,0.883750968741927,0.75112323491656,0.806001283697047,0.817437101829243,"ENO1","GAP43","YWHAZ"
"274","P06733","P17677","P80723",0.808447429604753,0.725006458279514,0.528584474885845,0.676529680365297,0.626795466582679,"ENO1","GAP43","BASP1"
"275","P06733","P17677","Q9H4F8",0.827822268147765,0.711960733660553,0.502392344497608,0.732057416267943,0.60717653907908,"ENO1","GAP43","SMOC1"
"276","P06733","P18065","P30086",0.814315999501185,0.811697219104627,0.637303970637304,0.637137137137137,0.724500594870965,"ENO1","IGFBP2","PEBP1"
"277","P06733","P18065","P40925",0.772664920813069,0.713680009976306,0.680347013680347,0.709042375709042,0.697013511828327,"ENO1","IGFBP2","MDH1"
"278","P06733","P18065","P63104",0.916697842623769,0.888390073575259,0.764431097764431,0.81664998331665,0.826410585669845,"ENO1","IGFBP2","YWHAZ"
"279","P06733","P18065","P80723",0.801720912832024,0.746726524504302,0.578226113437381,0.657974876284735,0.662476318970842,"ENO1","IGFBP2","BASP1"
"280","P06733","P18065","Q9H4F8",0.744731263249782,0.737623145030552,0.696834992887625,0.716216216216216,0.717229068959089,"ENO1","IGFBP2","SMOC1"
"281","P06733","P30086","P40925",0.838259134555431,0.804713804713805,0.685494223363286,0.712612323491656,0.745104014038545,"ENO1","PEBP1","MDH1"
"282","P06733","P30086","P63104",0.923057737872553,0.922309514902108,0.812419768934531,0.817394094993582,0.867364641918319,"ENO1","PEBP1","YWHAZ"
"283","P06733","P30086","P80723",0.835016835016835,0.816810076069335,0.647488584474886,0.684748858447489,0.732149330272111,"ENO1","PEBP1","BASP1"
"284","P06733","P30086","Q9H4F8",0.860082304526749,0.809826661678513,0.669856459330143,0.734791524265208,0.739841560504328,"ENO1","PEBP1","SMOC1"
"285","P06733","P40925","P63104",0.937772789624642,0.891008853971817,0.771662387676508,0.802631578947368,0.831335620824163,"ENO1","MDH1","YWHAZ"
"286","P06733","P40925","P80723",0.82566404788627,0.772540216984661,0.69972602739726,0.719086757990868,0.736133122190961,"ENO1","MDH1","BASP1"
"287","P06733","P40925","Q9H4F8",0.803716174086544,0.766305025564285,0.733424470266576,0.744019138755981,0.74986474791543,"ENO1","MDH1","SMOC1"
"288","P06733","P63104","P80723",0.934779897742861,0.861329342810824,0.775234318673396,0.818853640951694,0.81828183074211,"ENO1","YWHAZ","BASP1"
"289","P06733","P63104","Q9H4F8",0.936650455168974,0.876418506048136,0.782125768967874,0.80041011619959,0.829272137508005,"ENO1","YWHAZ","SMOC1"
"290","P06733","P80723","Q9H4F8",0.844244918318992,0.751465269983788,0.665830600038588,0.723519197376037,0.708647935011188,"ENO1","BASP1","SMOC1"
"291","P07195","P10451","P10599",0.811393489434609,0.673186750428327,0.686926605504587,0.74791492910759,0.680056677966457,"LDHB","SPP1","TXN"
"292","P07195","P10451","P14618",0.841043785935427,0.778770455550641,0.808277731442869,0.820892410341952,0.793524093496755,"LDHB","SPP1","PKM"
"293","P07195","P10451","P17677",0.813252458413749,0.587446006800845,0.547664141414141,0.730639730639731,0.567555074107494,"LDHB","SPP1","GAP43"
"294","P07195","P10451","P18065",0.801415302963291,0.6187527642636,0.652719200887902,0.734739178690344,0.635735982575751,"LDHB","SPP1","IGFBP2"
"295","P07195","P10451","P30086",0.810349402919062,0.750110570544007,0.72148569023569,0.753787878787879,0.735798130389849,"LDHB","SPP1","PEBP1"
"296","P07195","P10451","P40925",0.802742149491375,0.657938965059708,0.718988954970263,0.757009345794392,0.688463960014986,"LDHB","SPP1","MDH1"
"297","P07195","P10451","P63104",0.907120743034056,0.806103494029191,0.782922684791844,0.814889549702634,0.794513089410517,"LDHB","SPP1","YWHAZ"
"298","P07195","P10451","P80723",0.806368863334808,0.646085802742149,0.674549819927971,0.730492196878751,0.66031781133506,"LDHB","SPP1","BASP1"
"299","P07195","P10451","Q9H4F8",0.823617868199912,0.710924369747899,0.693650421743205,0.731255857544517,0.702287395745552,"LDHB","SPP1","SMOC1"
"300","P07195","P10599","P14618",0.873195156031672,0.856893339543549,0.806609674728941,0.810050041701418,0.831751507136245,"LDHB","TXN","PKM"
"301","P07195","P10599","P17677",0.841282894736842,0.714285714285714,0.570286195286195,0.714436026936027,0.642285954785955,"LDHB","TXN","GAP43"
"302","P07195","P10599","P18065",0.827084303679553,0.737773637633908,0.657935627081021,0.713651498335183,0.697854632357464,"LDHB","TXN","IGFBP2"
"303","P07195","P10599","P30086",0.825337680484397,0.812529110386586,0.736952861952862,0.741582491582492,0.774740986169724,"LDHB","TXN","PEBP1"
"304","P07195","P10599","P40925",0.858523521192361,0.831392640894271,0.722812234494478,0.723130841121495,0.777102437694374,"LDHB","TXN","MDH1"
"305","P07195","P10599","P63104",0.928970656730321,0.908709827666511,0.782285471537808,0.800552251486831,0.84549764960216,"LDHB","TXN","YWHAZ"
"306","P07195","P10599","P80723",0.842920353982301,0.767931998136935,0.672388955582233,0.703361344537815,0.720160476859584,"LDHB","TXN","BASP1"
"307","P07195","P10599","Q9H4F8",0.846995808104332,0.798206800186306,0.688612933458294,0.71122305529522,0.7434098668223,"LDHB","TXN","SMOC1"
"308","P07195","P14618","P17677",0.859615384615385,0.839866863905326,0.775462962962963,0.812079124579125,0.807664913434144,"LDHB","PKM","GAP43"
"309","P07195","P14618","P18065",0.865137221269297,0.862564322469983,0.79211986681465,0.801775804661487,0.827342094642317,"LDHB","PKM","IGFBP2"
"310","P07195","P14618","P30086",0.851057747284162,0.844339622641509,0.787247474747475,0.809238215488216,0.815793548694492,"LDHB","PKM","PEBP1"
"311","P07195","P14618","P40925",0.85062893081761,0.845197255574614,0.804375531011045,0.805225148683093,0.82478639329283,"LDHB","PKM","MDH1"
"312","P07195","P14618","P63104",0.920097198399085,0.911735277301315,0.828589634664401,0.849299065420561,0.870162455982858,"LDHB","PKM","YWHAZ"
"313","P07195","P14618","P80723",0.845911949685535,0.844768439108062,0.803841536614646,0.807923169267707,0.824304987861354,"LDHB","PKM","BASP1"
"314","P07195","P14618","Q9H4F8",0.879931389365352,0.874857061177816,0.811621368322399,0.812792877225867,0.843239214750108,"LDHB","PKM","SMOC1"
"315","P07195","P17677","P18065",0.832544378698225,0.692529585798817,0.574677871148459,0.688179271708683,0.633603728473638,"LDHB","GAP43","IGFBP2"
"316","P07195","P17677","P30086",0.836316568047337,0.810133136094675,0.649745114698386,0.731096006796941,0.72993912539653,"LDHB","GAP43","PEBP1"
"317","P07195","P17677","P40925",0.833284023668639,0.774408284023669,0.639150943396226,0.723091766723842,0.706779613709948,"LDHB","GAP43","MDH1"
"318","P07195","P17677","P63104",0.923668639053254,0.882840236686391,0.765437392795883,0.79909948542024,0.824138814741137,"LDHB","GAP43","YWHAZ"
"319","P07195","P17677","P80723",0.82914201183432,0.805991124260355,0.624620982413584,0.666100667070952,0.71530605333697,"LDHB","GAP43","BASP1"
"320","P07195","P17677","Q9H4F8",0.849408284023669,0.746301775147929,0.589370265151515,0.696851325757576,0.667836020149722,"LDHB","GAP43","SMOC1"
"321","P07195","P18065","P30086",0.836620926243568,0.814679817038308,0.710140056022409,0.724705882352941,0.762409936530358,"LDHB","IGFBP2","PEBP1"
"322","P07195","P18065","P40925",0.825042881646655,0.764651229273871,0.676696832579186,0.716176470588235,0.720674030926528,"LDHB","IGFBP2","MDH1"
"323","P07195","P18065","P63104",0.919596912521441,0.879288164665523,0.757013574660633,0.81131221719457,0.818150869663078,"LDHB","IGFBP2","YWHAZ"
"324","P07195","P18065","P80723",0.83740708976558,0.745497427101201,0.622079589216945,0.688189987163029,0.683788508159073,"LDHB","IGFBP2","BASP1"
"325","P07195","P18065","Q9H4F8",0.845197255574614,0.756146369353917,0.636045056320401,0.71026282853567,0.696095712837159,"LDHB","IGFBP2","SMOC1"
"326","P07195","P30086","P40925",0.830474556889651,0.82904516866781,0.737671526586621,0.748606346483705,0.783358347627216,"LDHB","PEBP1","MDH1"
"327","P07195","P30086","P63104",0.917309891366495,0.90773299028016,0.797169811320755,0.830188679245283,0.852451400800457,"LDHB","PEBP1","YWHAZ"
"328","P07195","P30086","P80723",0.83111778158948,0.829473985134363,0.731958762886598,0.735597331716192,0.78071637401048,"LDHB","PEBP1","BASP1"
"329","P07195","P30086","Q9H4F8",0.856846769582619,0.843124642652945,0.727391098484849,0.754379734848485,0.785257870568897,"LDHB","PEBP1","SMOC1"
"330","P07195","P40925","P63104",0.920883361921098,0.89136649514008,0.785714285714286,0.801406926406926,0.838540390427183,"LDHB","MDH1","YWHAZ"
"331","P07195","P40925","P80723",0.823970840480274,0.811535162950257,0.701273499090358,0.713280776228017,0.756404331020307,"LDHB","MDH1","BASP1"
"332","P07195","P40925","Q9H4F8",0.833547741566609,0.816823899371069,0.703480113636364,0.726207386363636,0.760152006503716,"LDHB","MDH1","SMOC1"
"333","P07195","P63104","P80723",0.922384219554031,0.877358490566038,0.78499399759904,0.810564225690276,0.831176244082539,"LDHB","YWHAZ","BASP1"
"334","P07195","P63104","Q9H4F8",0.934033733562035,0.875071469411092,0.775598086124402,0.791626794258373,0.825334777767747,"LDHB","YWHAZ","SMOC1"
"335","P07195","P80723","Q9H4F8",0.851343624928531,0.791380789022298,0.660294117647059,0.683288770053476,0.725837453334679,"LDHB","BASP1","SMOC1"
"336","P10451","P10599","P14618",0.867789834380354,0.736721873215306,0.786071726438699,0.81255212677231,0.761396799827002,"SPP1","TXN","PKM"
"337","P10451","P10599","P17677",0.797433679354095,0.605103806228374,0.583964646464646,0.74168771043771,0.59453422634651,"SPP1","TXN","GAP43"
"338","P10451","P10599","P18065",0.695888063963449,0.624643061107938,0.62519422863485,0.736293007769145,0.624918644871394,"SPP1","TXN","IGFBP2"
"339","P10451","P10599","P30086",0.789691604797259,0.665619645916619,0.634048821548822,0.74537037037037,0.64983423373272,"SPP1","TXN","PEBP1"
"340","P10451","P10599","P40925",0.829240434037693,0.662478583666476,0.723980458793543,0.754885301614274,0.69322952123001,"SPP1","TXN","MDH1"
"341","P10451","P10599","P63104",0.902484294688749,0.839948600799543,0.797790994052676,0.814358538657604,0.81886979742611,"SPP1","TXN","YWHAZ"
"342","P10451","P10599","P80723",0.825813820673901,0.692889777270131,0.644657863145258,0.737935174069628,0.668773820207695,"SPP1","TXN","BASP1"
"343","P10451","P10599","Q9H4F8",0.779697315819532,0.717018846373501,0.720712277413308,0.737582005623243,0.718865561893405,"SPP1","TXN","SMOC1"
"344","P10451","P14618","P17677",0.851851851851852,0.730263762521827,0.742424242424242,0.819654882154882,0.736344002473035,"SPP1","PKM","GAP43"
"345","P10451","P14618","P18065",0.845997346306944,0.770809376382132,0.794339622641509,0.815205327413985,0.782574499511821,"SPP1","PKM","IGFBP2"
"346","P10451","P14618","P30086",0.843255196815568,0.708093763821318,0.762521043771044,0.825757575757576,0.735307403796181,"SPP1","PKM","PEBP1"
"347","P10451","P14618","P40925",0.840601503759398,0.738699690402477,0.792374681393373,0.809260832625319,0.765537185897925,"SPP1","PKM","MDH1"
"348","P10451","P14618","P63104",0.905086245024326,0.87421494913755,0.847175021240442,0.855564995751912,0.860694985188996,"SPP1","PKM","YWHAZ"
"349","P10451","P14618","P80723",0.837770897832817,0.776293675364883,0.783073229291717,0.818367346938775,0.7796834523283,"SPP1","PKM","BASP1"
"350","P10451","P14618","Q9H4F8",0.882352941176471,0.842989827509951,0.80798969072165,0.81993908153702,0.8254897591158,"SPP1","PKM","SMOC1"
"351","P10451","P17677","P18065",0.751677235548203,0.552798456024262,0.614901960784314,0.717535014005602,0.583850208404288,"SPP1","GAP43","IGFBP2"
"352","P10451","P17677","P30086",0.82069662714824,0.546916643690837,0.557242990654206,0.731096006796941,0.552079817172521,"SPP1","GAP43","PEBP1"
"353","P10451","P17677","P40925",0.810127745611617,0.568973439941182,0.536985420240137,0.751393653516295,0.55297943009066,"SPP1","GAP43","MDH1"
"354","P10451","P17677","P63104",0.907177649113133,0.831725025273412,0.693932246998285,0.809819897084048,0.762828636135849,"SPP1","GAP43","YWHAZ"
"355","P10451","P17677","P80723",0.802132156970867,0.60545905707196,0.487568223165555,0.722741055184961,0.546513640118758,"SPP1","GAP43","BASP1"
"356","P10451","P17677","Q9H4F8",0.845142909659039,0.620715007811782,0.53125,0.729640151515151,0.575982503905891,"SPP1","GAP43","SMOC1"
"357","P10451","P18065","P30086",0.798673153471915,0.596196373286157,0.648403361344538,0.722352941176471,0.622299867315347,"SPP1","IGFBP2","PEBP1"
"358","P10451","P18065","P40925",0.747545333923043,0.581158779301194,0.702036199095023,0.744570135746606,0.641597489198108,"SPP1","IGFBP2","MDH1"
"359","P10451","P18065","P63104",0.888102609464839,0.827421494913755,0.785972850678733,0.823076923076923,0.806697172796244,"SPP1","IGFBP2","YWHAZ"
"360","P10451","P18065","P80723",0.780362671384343,0.609818664307828,0.594865211810013,0.728883183568678,0.602341938058921,"SPP1","IGFBP2","BASP1"
"361","P10451","P18065","Q9H4F8",0.727554179566563,0.645997346306944,0.662327909887359,0.729662077596996,0.654162628097152,"SPP1","IGFBP2","SMOC1"
"362","P10451","P30086","P40925",0.812826183104821,0.669703670942061,0.69307461406518,0.753216123499142,0.681389142503621,"SPP1","PEBP1","MDH1"
"363","P10451","P30086","P63104",0.898186643078284,0.886952675807165,0.828795025728988,0.835441680960549,0.857873850768077,"SPP1","PEBP1","YWHAZ"
"364","P10451","P30086","P80723",0.819548872180451,0.747987616099071,0.679078229229836,0.74251061249242,0.713532922664454,"SPP1","PEBP1","BASP1"
"365","P10451","P30086","Q9H4F8",0.85218929677134,0.79265811587793,0.692708333333333,0.750828598484849,0.742683224605632,"SPP1","PEBP1","SMOC1"
"366","P10451","P40925","P63104",0.904024767801858,0.834232640424591,0.790367965367965,0.813852813852814,0.812300302896278,"SPP1","MDH1","YWHAZ"
"367","P10451","P40925","P80723",0.798673153471915,0.655285272003538,0.714736203759854,0.753183747725894,0.685010737881696,"SPP1","MDH1","BASP1"
"368","P10451","P40925","Q9H4F8",0.789650597080938,0.694559929234852,0.737097537878788,0.752367424242424,0.71582873355682,"SPP1","MDH1","SMOC1"
"369","P10451","P63104","P80723",0.905528527200354,0.7812472357364,0.786074429771909,0.82593037214886,0.783660832754154,"SPP1","YWHAZ","BASP1"
"370","P10451","P63104","Q9H4F8",0.912781954887218,0.785846970367094,0.792105263157895,0.805980861244019,0.788976116762494,"SPP1","YWHAZ","SMOC1"
"371","P10451","P80723","Q9H4F8",0.843874391862008,0.679256965944272,0.664973262032086,0.721524064171123,0.672115113988179,"SPP1","BASP1","SMOC1"
"372","P10599","P14618","P17677",0.877702067669173,0.842222744360902,0.750105218855219,0.797348484848485,0.796163981608061,"TXN","PKM","GAP43"
"373","P10599","P14618","P18065",0.870866325104797,0.861551001397299,0.792008879023307,0.790788013318535,0.826779940210303,"TXN","PKM","IGFBP2"
"374","P10599","P14618","P30086",0.866092221704704,0.84944108057755,0.77662037037037,0.790509259259259,0.81303072547396,"TXN","PKM","PEBP1"
"375","P10599","P14618","P40925",0.88029809035864,0.874476013041453,0.78642735768904,0.788445199660153,0.830451685365247,"TXN","PKM","MDH1"
"376","P10599","P14618","P63104",0.926525384257103,0.868188169538891,0.846750212404418,0.853653355989805,0.857469190971655,"TXN","PKM","YWHAZ"
"377","P10599","P14618","P80723",0.866325104797392,0.858407079646018,0.781992797118848,0.799759903961585,0.820199938382433,"TXN","PKM","BASP1"
"378","P10599","P14618","Q9H4F8",0.899278062412669,0.823707498835585,0.804592314901593,0.814081537019681,0.814149906868589,"TXN","PKM","SMOC1"
"379","P10599","P17677","P18065",0.793233082706767,0.634868421052632,0.592941176470588,0.703081232492997,0.61390479876161,"TXN","GAP43","IGFBP2"
"380","P10599","P17677","P30086",0.825540413533835,0.685855263157895,0.550446049277825,0.716864910790144,0.61815065621786,"TXN","GAP43","PEBP1"
"381","P10599","P17677","P40925",0.854793233082707,0.728265977443609,0.630467409948542,0.726951114922813,0.679366693696075,"TXN","GAP43","MDH1"
"382","P10599","P17677","P63104",0.929158834586466,0.905075187969925,0.715694682675815,0.800278730703259,0.81038493532287,"TXN","GAP43","YWHAZ"
"383","P10599","P17677","P80723",0.832941729323308,0.734375,0.54251061249242,0.710006064281383,0.63844280624621,"TXN","GAP43","BASP1"
"384","P10599","P17677","Q9H4F8",0.853970864661654,0.736137218045113,0.518465909090909,0.723011363636364,0.627301563568011,"TXN","GAP43","SMOC1"
"385","P10599","P18065","P30086",0.795645086166744,0.722985561248253,0.657591036414566,0.699719887955182,0.69028829883141,"TXN","IGFBP2","PEBP1"
"386","P10599","P18065","P40925",0.826851420586865,0.752445272473218,0.708597285067873,0.708484162895928,0.730521278770546,"TXN","IGFBP2","MDH1"
"387","P10599","P18065","P63104",0.912901723334886,0.894969725197951,0.792647058823529,0.812556561085973,0.84380839201074,"TXN","IGFBP2","YWHAZ"
"388","P10599","P18065","P80723",0.815323707498836,0.748602701443875,0.615532734274711,0.705776636713736,0.682067717859293,"TXN","IGFBP2","BASP1"
"389","P10599","P18065","Q9H4F8",0.782487191429902,0.751164415463437,0.665081351689612,0.715143929912391,0.708122883576525,"TXN","IGFBP2","SMOC1"
"390","P10599","P30086","P40925",0.84257102934327,0.810083837913367,0.732847341337907,0.729524013722127,0.771465589625637,"TXN","PEBP1","MDH1"
"391","P10599","P30086","P63104",0.913833255705636,0.895551932929669,0.823006003430532,0.832654373927959,0.859278968180101,"TXN","PEBP1","YWHAZ"
"392","P10599","P30086","P80723",0.825919888216116,0.815207265952492,0.709035779260158,0.733292904790782,0.762121522606325,"TXN","PEBP1","BASP1"
"393","P10599","P30086","Q9H4F8",0.845132743362832,0.825919888216116,0.693181818181818,0.741358901515151,0.759550853198967,"TXN","PEBP1","SMOC1"
"394","P10599","P40925","P63104",0.93735444806707,0.904052165812762,0.783982683982684,0.800757575757576,0.844017424897723,"TXN","MDH1","YWHAZ"
"395","P10599","P40925","P80723",0.854680950163018,0.839543549138333,0.718132201334142,0.71728320194057,0.778837875236237,"TXN","MDH1","BASP1"
"396","P10599","P40925","Q9H4F8",0.85130414531905,0.838961341406614,0.728693181818182,0.729285037878788,0.783827261612398,"TXN","MDH1","SMOC1"
"397","P10599","P63104","P80723",0.925593851886353,0.882976245924546,0.787154861944778,0.809963985594238,0.835065553934662,"TXN","YWHAZ","BASP1"
"398","P10599","P63104","Q9H4F8",0.93921751280857,0.889264089427108,0.789234449760766,0.794617224880383,0.839249269593937,"TXN","YWHAZ","SMOC1"
"399","P10599","P80723","Q9H4F8",0.854448067070331,0.781904983698184,0.660294117647059,0.701069518716578,0.721099550672621,"TXN","BASP1","SMOC1"
"400","P14618","P17677","P18065",0.862573964497041,0.832692307692308,0.758319327731092,0.808403361344538,0.7955058177117,"PKM","GAP43","IGFBP2"
"401","P14618","P17677","P30086",0.858653846153846,0.781582840236686,0.726847918436703,0.80554375531011,0.754215379336695,"PKM","GAP43","PEBP1"
"402","P14618","P17677","P40925",0.856065088757397,0.821597633136095,0.755681818181818,0.79856346483705,0.788639725658956,"PKM","GAP43","MDH1"
"403","P14618","P17677","P63104",0.920414201183432,0.908284023668639,0.798027444253859,0.848627787307033,0.853155733961249,"PKM","GAP43","YWHAZ"
"404","P14618","P17677","P80723",0.852218934911243,0.828550295857988,0.735961188599151,0.802546998180716,0.78225574222857,"PKM","GAP43","BASP1"
"405","P14618","P17677","Q9H4F8",0.890310650887574,0.856508875739645,0.77438446969697,0.818892045454545,0.815446672718307,"PKM","GAP43","SMOC1"
"406","P14618","P18065","P30086",0.856489422527158,0.849771297884505,0.773557422969188,0.790028011204482,0.811664360426847,"PKM","IGFBP2","PEBP1"
"407","P14618","P18065","P40925",0.858133218982276,0.852773013150372,0.789253393665158,0.78789592760181,0.821013203407765,"PKM","IGFBP2","MDH1"
"408","P14618","P18065","P63104",0.917024013722127,0.907447112635792,0.838235294117647,0.844117647058824,0.872841203376719,"PKM","IGFBP2","YWHAZ"
"409","P14618","P18065","P80723",0.852344196683819,0.846626643796455,0.786521181001284,0.791142490372272,0.816573912398869,"PKM","IGFBP2","BASP1"
"410","P14618","P18065","Q9H4F8",0.888507718696398,0.885577472841624,0.800375469336671,0.804005006257822,0.842976471089147,"PKM","IGFBP2","SMOC1"
"411","P14618","P30086","P40925",0.850200114351058,0.831689536878216,0.764043739279588,0.790415951972556,0.797866638078902,"PKM","PEBP1","MDH1"
"412","P14618","P30086","P63104",0.915451686678102,0.916237850200114,0.847555746140652,0.84766295025729,0.881896798170383,"PKM","PEBP1","YWHAZ"
"413","P14618","P30086","P80723",0.847913093196112,0.824399656946827,0.738993329290479,0.79805942995755,0.781696493118653,"PKM","PEBP1","BASP1"
"414","P14618","P30086","Q9H4F8",0.884291023441967,0.864351057747284,0.778527462121212,0.809067234848485,0.821439259934248,"PKM","PEBP1","SMOC1"
"415","P14618","P40925","P63104",0.917595769010863,0.899085191538022,0.834632034632035,0.858116883116883,0.866858613085028,"PKM","MDH1","YWHAZ"
"416","P14618","P40925","P80723",0.842552887364208,0.831689536878216,0.785567010309278,0.797453001819284,0.808628273593747,"PKM","MDH1","BASP1"
"417","P14618","P40925","Q9H4F8",0.877287021154946,0.856275014293882,0.804924242424242,0.810250946969697,0.830599628359062,"PKM","MDH1","SMOC1"
"418","P14618","P63104","P80723",0.918953687821612,0.909591194968553,0.83781512605042,0.852821128451381,0.873703160509487,"PKM","YWHAZ","BASP1"
"419","P14618","P63104","Q9H4F8",0.936535162950257,0.908662092624357,0.84055023923445,0.842224880382775,0.874606165929403,"PKM","YWHAZ","SMOC1"
"420","P14618","P80723","Q9H4F8",0.879716981132076,0.865851915380217,0.80307486631016,0.807486631016043,0.834463390845189,"PKM","BASP1","SMOC1"
"421","P17677","P18065","P30086",0.829511834319527,0.719674556213018,0.565610859728507,0.681447963800905,0.642642707970762,"GAP43","IGFBP2","PEBP1"
"422","P17677","P18065","P40925",0.810724852071006,0.642455621301775,0.532153055396916,0.718332381496288,0.587304338349346,"GAP43","IGFBP2","MDH1"
"423","P17677","P18065","P63104",0.914718934911243,0.868047337278107,0.702227298686465,0.812221587664192,0.785137317982286,"GAP43","IGFBP2","YWHAZ"
"424","P17677","P18065","P80723",0.806730769230769,0.683727810650888,0.501167618059159,0.663985469641931,0.592447714355024,"GAP43","IGFBP2","BASP1"
"425","P17677","P18065","Q9H4F8",0.831360946745562,0.650813609467456,0.56078431372549,0.703984819734345,0.605798961596473,"GAP43","IGFBP2","SMOC1"
"426","P17677","P30086","P40925",0.83646449704142,0.769304733727811,0.623051948051948,0.734307359307359,0.696178340889879,"GAP43","PEBP1","MDH1"
"427","P17677","P30086","P63104",0.917307692307692,0.905991124260355,0.757900432900433,0.827813852813853,0.831945778580394,"GAP43","PEBP1","YWHAZ"
"428","P17677","P30086","P80723",0.832248520710059,0.813165680473373,0.605637254901961,0.722794117647059,0.709401467687667,"GAP43","PEBP1","BASP1"
"429","P17677","P30086","Q9H4F8",0.866568047337278,0.773520710059172,0.627631578947368,0.736961722488038,0.70057614450327,"GAP43","PEBP1","SMOC1"
"430","P17677","P40925","P63104",0.919822485207101,0.891050295857988,0.75229458041958,0.800371503496504,0.821672438138784,"GAP43","MDH1","YWHAZ"
"431","P17677","P40925","P80723",0.816715976331361,0.77603550295858,0.62328431372549,0.717892156862745,0.699659908342035,"GAP43","MDH1","BASP1"
"432","P17677","P40925","Q9H4F8",0.841789940828402,0.735355029585799,0.55311004784689,0.730622009569378,0.644232538716344,"GAP43","MDH1","SMOC1"
"433","P17677","P63104","P80723",0.921597633136095,0.870562130177515,0.767980594299575,0.806791995148575,0.819271362238545,"GAP43","YWHAZ","BASP1"
"434","P17677","P63104","Q9H4F8",0.930695266272189,0.878920118343195,0.74649419729207,0.791344294003869,0.812707157817632,"GAP43","YWHAZ","SMOC1"
"435","P17677","P80723","Q9H4F8",0.848002958579882,0.719674556213018,0.57606490872211,0.675456389452333,0.647869732467564,"GAP43","BASP1","SMOC1"
"436","P18065","P30086","P40925",0.827973127501429,0.816109205260149,0.699600228440891,0.721302113078241,0.75785471685052,"IGFBP2","PEBP1","MDH1"
"437","P18065","P30086","P63104",0.909448256146369,0.901586620926244,0.815305539691605,0.828555111364934,0.858446080308924,"IGFBP2","PEBP1","YWHAZ"
"438","P18065","P30086","P80723",0.831618067467124,0.802101200686106,0.679423975090815,0.712247016087182,0.74076258788846,"IGFBP2","PEBP1","BASP1"
"439","P18065","P30086","Q9H4F8",0.854988564894225,0.797384219554031,0.684882985452245,0.729285262492094,0.741133602503138,"IGFBP2","PEBP1","SMOC1"
"440","P18065","P40925","P63104",0.912449971412236,0.868281875357347,0.775317185697808,0.81361014994233,0.821799530527578,"IGFBP2","MDH1","YWHAZ"
"441","P18065","P40925","P80723",0.814822755860492,0.759148084619783,0.663207057602491,0.709782044628957,0.711177571111137,"IGFBP2","MDH1","BASP1"
"442","P18065","P40925","Q9H4F8",0.79874213836478,0.752001143510577,0.699810246679317,0.736875395319418,0.725905695094947,"IGFBP2","MDH1","SMOC1"
"443","P18065","P63104","P80723",0.919596912521441,0.873070325900515,0.751347881899872,0.82413350449294,0.812209103900193,"IGFBP2","YWHAZ","BASP1"
"444","P18065","P63104","Q9H4F8",0.92131217838765,0.85377358490566,0.776854219948849,0.812404092071611,0.815313902427255,"IGFBP2","YWHAZ","SMOC1"
"445","P18065","P80723","Q9H4F8",0.846698113207547,0.742995997712979,0.59325681492109,0.692395982783357,0.668126406317035,"IGFBP2","BASP1","SMOC1"
"446","P30086","P40925","P63104",0.916023441966838,0.902730131503716,0.811953671328671,0.830747377622378,0.857341901416194,"PEBP1","MDH1","YWHAZ"
"447","P30086","P40925","P80723",0.829473985134363,0.822684391080618,0.708578431372549,0.738235294117647,0.765631411226583,"PEBP1","MDH1","BASP1"
"448","P30086","P40925","Q9H4F8",0.85548885077187,0.828902229845626,0.708253588516746,0.752511961722488,0.768577909181186,"PEBP1","MDH1","SMOC1"
"449","P30086","P63104","P80723",0.916666666666667,0.906875357347055,0.808368708308066,0.830200121285628,0.857622032827561,"PEBP1","YWHAZ","BASP1"
"450","P30086","P63104","Q9H4F8",0.932246998284734,0.900371640937679,0.819148936170213,0.824105415860735,0.859760288553946,"PEBP1","YWHAZ","SMOC1"
"451","P30086","P80723","Q9H4F8",0.868496283590623,0.849985706117782,0.712237998647735,0.736443542934415,0.781111852382758,"PEBP1","BASP1","SMOC1"
"452","P40925","P63104","P80723",0.919882790165809,0.879431103487707,0.789933292904791,0.808247422680412,0.834682198196249,"MDH1","YWHAZ","BASP1"
"453","P40925","P63104","Q9H4F8",0.927029731275014,0.887364208118925,0.787596711798839,0.791344294003869,0.837480459958882,"MDH1","YWHAZ","SMOC1"
"454","P40925","P80723","Q9H4F8",0.837121212121212,0.783876500857633,0.685868830290737,0.718593644354293,0.734872665574185,"MDH1","BASP1","SMOC1"
"455","P63104","P80723","Q9H4F8",0.939393939393939,0.850914808461978,0.767647058823529,0.804679144385027,0.809280933642754,"YWHAZ","BASP1","SMOC1"
